t_ms,pan_deg,tilt_deg,nod_deg,pan_unit,tilt_unit,nod_unit,led
0,25.0,-12.0,15.0,597,471,563,26
33,25.0,-12.0,15.0,597,471,563,26
67,25.0,-12.0,15.0,597,471,563,26
100,25.0,-12.0,15.0,597,471,563,26
133,25.0,-12.0,15.0,597,471,563,26
167,25.0,-12.0,15.0,597,471,563,27
200,25.0,-12.0,15.0,597,471,563,28
233,25.0,-12.0,15.0,597,471,563,28
267,25.0,-12.0,15.0,597,471,563,29
300,25.0,-12.0,15.0,597,471,563,30
333,25.0,-12.0,15.0,597,471,563,31
367,25.0,-12.0,15.0,597,471,563,32
400,25.0,-12.0,15.0,597,471,563,34
433,25.0,-12.0,15.0,597,471,563,35
467,25.0,-12.0,15.0,597,471,563,37
500,25.0,-12.0,15.0,597,471,563,38
533,25.0,-12.0,15.0,597,471,563,40
567,25.0,-12.0,15.0,597,471,563,41
600,25.0,-12.0,15.0,597,471,563,43
633,25.0,-12.0,15.0,597,471,563,45
667,25.0,-12.0,15.0,597,471,563,47
700,25.0,-12.0,15.0,597,471,563,49
733,25.0,-12.0,15.0,597,471,563,51
767,25.0,-12.0,15.0,597,471,563,52
800,25.0,-12.0,15.0,597,471,563,54
833,25.0,-12.0,15.0,597,471,563,56
867,25.0,-12.0,15.0,597,471,563,59
900,25.0,-12.0,15.0,597,471,563,61
933,25.0,-12.0,15.0,597,471,563,63
967,25.0,-12.0,15.0,597,471,563,65
1000,25.0,-12.0,15.0,597,471,563,67
1033,25.0,-12.0,15.0,597,471,563,69
1067,25.0,-12.0,15.0,597,471,563,71
1100,25.0,-12.0,15.0,597,471,563,73
1133,25.0,-12.0,15.0,597,471,563,74
1167,25.0,-12.0,15.0,597,471,563,76
1200,25.0,-12.0,15.0,597,471,563,78
1233,25.0,-12.0,15.0,597,471,563,80
1267,25.0,-12.0,15.0,597,471,563,82
1300,25.0,-12.0,15.0,597,471,563,83
1333,25.0,-12.0,15.0,597,471,563,85
1367,25.0,-12.0,15.0,597,471,563,86
1400,25.0,-12.0,15.0,597,471,563,87
1433,25.0,-12.0,15.0,597,471,563,89
1467,25.0,-12.0,15.0,597,471,563,90
1500,25.0,-12.0,15.0,597,471,563,91
1533,25.0,-12.0,15.0,597,471,563,92
1567,25.0,-12.0,15.0,597,471,563,93
1600,25.0,-12.0,15.0,597,471,563,94
1633,25.0,-12.0,15.0,597,471,563,94
1667,25.0,-12.0,15.0,597,471,563,95
1700,25.0,-12.0,15.0,597,471,563,95
1733,25.0,-12.0,15.0,597,471,563,95
1767,25.0,-12.0,15.0,597,471,563,96
1800,25.0,-12.0,15.0,597,471,563,96
1833,25.0,-12.0,15.0,597,471,563,96
1867,25.0,-12.0,15.0,597,471,563,95
1900,25.0,-12.0,15.0,597,471,563,95
1933,25.0,-12.0,15.0,597,471,563,95
1967,25.0,-12.0,15.0,597,471,563,94
2000,25.0,-12.0,15.0,597,471,563,94
2033,25.0,-12.0,15.0,597,471,563,93
2067,25.0,-12.0,15.0,597,471,563,92
2100,25.0,-12.0,15.0,597,471,563,91
2133,25.0,-12.0,15.0,597,471,563,90
2167,25.0,-12.0,15.0,597,471,563,89
2200,25.0,-12.0,15.0,597,471,563,87
2233,25.0,-12.0,15.0,597,471,563,86
2267,25.0,-12.0,15.0,597,471,563,85
2300,25.0,-12.0,15.0,597,471,563,83
2333,25.0,-12.0,15.0,597,471,563,82
2367,25.0,-12.0,15.0,597,471,563,80
2400,25.0,-12.0,15.0,597,471,563,78
2433,25.0,-12.0,15.0,597,471,563,76
2467,25.0,-12.0,15.0,597,471,563,74
2500,25.0,-12.0,15.0,597,471,563,73
2533,25.0,-12.0,15.0,597,471,563,71
2567,25.0,-12.0,15.0,597,471,563,69
2600,25.0,-12.0,15.0,597,471,563,67
2633,25.0,-12.0,15.0,597,471,563,65
2667,25.0,-12.0,15.0,597,471,563,63
2700,25.0,-12.0,15.0,597,471,563,61
2733,25.0,-12.0,15.0,597,471,563,59
2767,25.0,-12.0,15.0,597,471,563,56
2800,25.0,-12.0,15.0,597,471,563,54
2833,25.0,-12.0,15.0,597,471,563,52
2867,25.0,-12.0,15.0,597,471,563,51
2900,25.0,-12.0,15.0,597,471,563,49
2933,25.0,-12.0,15.0,597,471,563,47
2967,25.0,-12.0,15.0,597,471,563,45
3000,25.0,-12.0,15.0,597,471,563,43
3033,25.0,-12.0,15.0,597,471,563,41
3067,25.0,-12.0,15.0,597,471,563,40
3100,25.0,-12.0,15.0,597,471,563,38
3133,25.0,-12.0,15.0,597,471,563,37
3167,25.0,-12.0,15.0,597,471,563,35
3200,25.0,-12.0,15.0,597,471,563,34
3233,25.0,-12.0,15.0,597,471,563,32
3267,25.0,-12.0,15.0,597,471,563,31
3300,25.0,-12.0,15.0,597,471,563,30
3333,25.0,-12.0,15.0,597,471,563,29
3367,25.0,-12.0,15.0,597,471,563,28
3400,25.0,-12.0,15.0,597,471,563,28
3433,25.0,-12.0,15.0,597,471,563,27
3467,25.0,-12.0,15.0,597,471,563,26
3500,25.0,-12.0,15.0,597,471,563,26
3533,25.0,-12.0,15.0,597,471,563,26
3567,25.0,-12.0,15.0,597,471,563,26
3600,25.0,-12.0,15.0,597,471,563,26
3633,25.0,-12.0,15.0,597,471,563,26
3667,25.0,-12.0,15.0,597,471,563,26
3700,25.0,-12.0,15.0,597,471,563,26
3733,25.0,-12.0,15.0,597,471,563,26
3767,25.0,-12.0,15.0,597,471,563,27
3800,25.0,-12.0,15.0,597,471,563,28
3833,25.0,-12.0,15.0,597,471,563,28
3867,25.0,-12.0,15.0,597,471,563,29
3900,25.0,-12.0,15.0,597,471,563,30
3933,25.0,-12.0,15.0,597,471,563,31
3967,25.0,-12.0,15.0,597,471,563,32
4000,25.0,-12.0,15.0,597,471,563,34
4033,25.0,-12.0,15.0,597,471,563,35
4067,25.0,-12.0,15.0,597,471,563,37
4100,25.0,-12.0,15.0,597,471,563,38
4133,25.0,-12.0,15.0,597,471,563,40
4167,25.0,-12.0,15.0,597,471,563,41
4200,25.0,-12.0,15.0,597,471,563,43
4233,25.0,-12.0,15.0,597,471,563,45
4267,25.0,-12.0,15.0,597,471,563,47
4300,25.0,-12.0,15.0,597,471,563,49
4333,25.0,-12.0,15.0,597,471,563,51
4367,25.0,-12.0,15.0,597,471,563,52
4400,25.0,-12.0,15.0,597,471,563,54
4433,25.0,-12.0,15.0,597,471,563,56
4467,25.0,-12.0,15.0,597,471,563,59
4500,25.0,-12.0,15.0,597,471,563,61
4533,25.0,-12.0,15.0,597,471,563,63
4567,25.0,-12.0,15.0,597,471,563,65
4600,25.0,-12.0,15.0,597,471,563,67
4633,25.0,-12.0,15.0,597,471,563,69
4667,25.0,-12.0,15.0,597,471,563,71
4700,25.0,-12.0,15.0,597,471,563,73
4733,25.0,-12.0,15.0,597,471,563,74
4767,25.0,-12.0,15.0,597,471,563,76
4800,25.0,-12.0,15.0,597,471,563,78
4833,25.0,-12.0,15.0,597,471,563,80
4867,25.0,-12.0,15.0,597,471,563,82
4900,25.0,-12.0,15.0,597,471,563,83
4933,25.0,-12.0,15.0,597,471,563,85
4967,25.0,-12.0,15.0,597,471,563,86
5000,25.0,-12.0,15.0,597,471,563,87
5033,25.0,-12.0,15.0,597,471,563,89
5067,25.0,-12.0,15.0,597,471,563,90
5100,25.0,-12.0,15.0,597,471,563,91
5133,25.0,-12.0,15.0,597,471,563,92
5167,25.0,-12.0,15.0,597,471,563,93
5200,25.0,-12.0,15.0,597,471,563,94
5233,25.0,-12.0,15.0,597,471,563,94
5267,25.0,-12.0,15.0,597,471,563,95
5300,25.0,-12.0,15.0,597,471,563,95
5333,25.0,-12.0,15.0,597,471,563,95
5367,25.0,-12.0,15.0,597,471,563,96
5400,25.0,-12.0,15.0,597,471,563,96
5433,25.0,-12.0,15.0,597,471,563,96
5467,25.0,-12.0,15.0,597,471,563,95
5500,25.0,-12.0,15.0,597,471,563,95
5533,25.0,-12.0,15.0,597,471,563,95
5567,25.0,-12.0,15.0,597,471,563,94
5600,25.0,-12.0,15.0,597,471,563,94
5633,25.0,-12.0,15.0,597,471,563,93
5667,25.0,-12.0,15.0,597,471,563,92
5700,25.0,-12.0,15.0,597,471,563,91
5733,25.0,-12.0,15.0,597,471,563,90
5767,25.0,-12.0,15.0,597,471,563,89
5800,25.0,-12.0,15.0,597,471,563,87
5833,25.0,-12.0,15.0,597,471,563,86
5867,25.0,-12.0,15.0,597,471,563,85
5900,25.0,-12.0,15.0,597,471,563,83
5933,25.0,-12.0,15.0,597,471,563,82
5967,25.0,-12.0,15.0,597,471,563,80
6000,25.0,-12.0,15.0,597,471,563,78
6033,25.0,-12.0,15.0,597,471,563,76
6067,25.0,-12.0,15.0,597,471,563,74
6100,25.0,-12.0,15.0,597,471,563,73
6133,25.0,-12.0,15.0,597,471,563,71
6167,25.0,-12.0,15.0,597,471,563,69
6200,25.0,-12.0,15.0,597,471,563,67
6233,25.0,-12.0,15.0,597,471,563,65
6267,25.0,-12.0,15.0,597,471,563,63
6300,25.0,-12.0,15.0,597,471,563,61
6333,25.0,-12.0,15.0,597,471,563,59
6367,25.0,-12.0,15.0,597,471,563,56
6400,25.0,-12.0,15.0,597,471,563,54
6433,25.0,-12.0,15.0,597,471,563,52
6467,25.0,-12.0,15.0,597,471,563,51
6500,25.0,-12.0,15.0,597,471,563,49
6533,25.0,-12.0,15.0,597,471,563,47
6567,25.0,-12.0,15.0,597,471,563,45
6600,25.0,-12.0,15.0,597,471,563,43
6633,25.0,-12.0,15.0,597,471,563,41
6667,25.0,-12.0,15.0,597,471,563,40
6700,25.0,-12.0,15.0,597,471,563,38
6733,25.0,-12.0,15.0,597,471,563,37
6767,25.0,-12.0,15.0,597,471,563,35
6800,25.0,-12.0,15.0,597,471,563,34
6833,25.0,-12.0,15.0,597,471,563,32
6867,25.0,-12.0,15.0,597,471,563,31
6900,25.0,-12.0,15.0,597,471,563,30
6933,25.0,-12.0,15.0,597,471,563,29
6967,25.0,-12.0,15.0,597,471,563,28
7000,25.0,-12.0,15.0,597,471,563,28
7033,25.0,-12.0,15.0,597,471,563,27
7067,25.0,-12.0,15.0,597,471,563,26
7100,25.0,-12.0,15.0,597,471,563,26
7133,25.0,-12.0,15.0,597,471,563,26
7167,25.0,-12.0,15.0,597,471,563,26
7200,25.0,-12.0,15.0,597,471,563,26
